{
  "sensortargets": [
    {
      "amplitude": 0.003983116861765848, 
      "xPosCm": 2.486054052276053, 
      "yPosCm": 11.64583852451499, 
      "zPosCm": 9.989926557748467
    }, 
    {
      "amplitude": 0.0019483437863797022, 
      "xPosCm": -6.960533262521312, 
      "yPosCm": -105.92048102532172, 
      "zPosCm": 61.15321823266415
    }, 
    {
      "amplitude": 0.001805118324529293, 
      "xPosCm": -11.245992260479047, 
      "yPosCm": -7.225357150417233, 
      "zPosCm": 8.617804591174554
    }
  ]
}
